ticker,bucket,db_close,fh_price,price_pct_diff,db_target_mean,fh_target_mean,target_mean_pct_diff,db_target_high,fh_target_high,target_high_pct_diff,db_target_low,fh_target_low,target_low_pct_diff,db_num_analysts,fh_num_analysts,fh_analyst_src,analyst_cnt_diff,db_market_cap,fh_market_cap,market_cap_pct_diff,db_pe_ttm,fh_pe_ttm,pe_pct_diff,db_eps_ttm,fh_eps_ttm,eps_pct_diff,db_roe_pct,fh_roe_pct,roe_pct_diff,db_net_margin_pct,fh_net_margin_pct,net_margin_pct_diff,acc_quote,acc_profile2,acc_metric,acc_price_target,acc_recommendation
NVDA,large,205.19,205.21,0.009747063697066247,298.9322,,,500.0,,,180.0,,,59.0,68.0,recommendation,9.0,4969906990000.0,4965597881651.432,0.08670400386242157,31.17210264828053,31.1193,0.1693907173228243,6.57222267973318,6.529999999999999,0.6424414051487187,111.65749962836331,111.66,0.002239322611564397,62.9659435640713,62.97,0.006442269739940358,ok,ok,ok,premium,ok
GOOGL,large,359.68,359.7,0.005560498220635512,432.83453,,,515.0,,,340.0,,,53.0,70.0,recommendation,17.0,4350282946986.0,4357882880000.0,0.17469974037586336,27.01899549335863,27.2014,0.6750972910380941,13.241424911149682,13.108600000000001,1.0031013432537663,38.98493363523653,38.98,0.012655235693600721,37.91313072987415,37.92,0.018118446020184274,ok,ok,ok,premium,ok
GOOG,large,358.16,358.18,0.005584096493182323,409.00287,,,475.0,,,195.0,,,14.0,70.0,recommendation,56.0,4331898744140.9995,4357882880000.0,0.5998324844075518,27.01899549335863,27.2014,0.6750972910380941,13.241424911149682,13.108600000000001,1.0031013432537663,38.98493363523653,38.98,0.012655235693600721,37.91313072987415,37.92,0.018118446020184274,ok,ok,ok,premium,ok
AAPL,large,291.13,291.15,0.006869783258331952,312.71628,,,400.0,,,215.0,,,43.0,55.0,recommendation,12.0,4275929952280.0,4275930152547.464,4.683600201645058e-06,34.93968045147869,34.8159,0.35426898551800806,8.332360120015895,8.2666,0.7892136089740873,146.68924498270724,146.69,0.0005147052824832842,27.151882190846223,27.15,0.006932082398541292,ok,ok,ok,premium,ok
MSFT,large,390.74,390.76,0.005118493115622104,561.38763,,,870.0,,,400.0,,,55.0,66.0,recommendation,11.0,2902584738200.0,2902586496772.2485,6.058642234940269e-05,23.14931670074112,22.9626,0.8065754300866466,16.861836789657957,16.7896,0.4284040378226334,33.13037398539619,33.129999999999995,0.0011288293828480484,39.342325613545604,39.34,0.005911225402496773,ok,ok,ok,premium,ok
AMZN,large,238.55,238.57,0.008383986585613836,312.51096,,,370.0,,,207.0,,,63.0,76.0,recommendation,13.0,2566106205000.0,2566108383040.2236,8.487724394995618e-05,28.224659684134014,27.9715,0.8969450365997664,8.451829098017313,8.3676,0.9965783387299318,23.33561425996781,23.34,0.018794191502020552,12.224142944844745,12.22,0.03389149540738745,ok,ok,ok,premium,ok
TSM,large,423.93,423.95,0.004717760007544126,467.84027,,,600.0,,,354.0,,,18.0,42.0,recommendation,24.0,2198704466400.0,58347830566406.0,2553.7368463138896,31.055981618613448,30.2509,2.592356050761311,74.38180600337225,74.38260000000001,0.001067460808530586,36.93259591723171,36.93,0.0070287971025008,46.999137162842295,47.0,0.0018358574429038555,ok,ok,ok,premium,ok
AVGO,large,382.07,382.09,0.0052346428664856726,522.06226,,,650.0,,,215.88,,,45.0,56.0,recommendation,11.0,1817728590600.0,1817728654978.255,3.5416868731520793e-06,64.21735511819082,62.0025,3.448997726727342,6.175900568780282,6.007099999999999,2.733213834976297,36.40371028025778,36.4,0.010192038748855206,38.84847280196118,38.85,0.0039311662175429635,ok,ok,ok,premium,ok
VOO,large,681.95,681.97,0.002932766331839843,,,,,,,,,,,,,,1711552167488.0,,,,,,,,,,,,,,,ok,empty,ok,premium,empty
TSLA,large,406.43,406.45,0.00492089658735374,419.93658,,,600.0,,,123.0,,,41.0,60.0,recommendation,19.0,1526437279600.0,1526438732742.7861,9.519832917822905e-05,335.05608359133123,395.2457,17.9640422473517,1.1985157699443414,1.0943,8.695402476780183,4.792077449738722,4.77,0.4607072813467548,3.9599914179752553,3.95,0.25230908152734766,ok,ok,ok,premium,ok
BXP,mid,66.28,66.3,0.030175015087501537,69.05,,,89.0,,,58.0,,,20.0,26.0,recommendation,6.0,10570135560.0,10570161711.728218,0.00024741147423920656,33.31528557292635,33.3243,0.027057931272776486,1.9993825313066078,1.9909999999999999,0.4192560040589081,6.171979748370755,6.17,0.03207639123050751,9.094517616011867,9.09,0.049674058620915,ok,ok,ok,premium,ok
SFD,mid,26.77,26.78,0.03735524841240778,31.35714,,,35.0,,,28.0,,,7.0,11.0,recommendation,4.0,10533386331.0,10533386338.023329,6.667683649329477e-08,10.405686685833334,10.4498,0.4239346762835251,2.5630216251186453,2.557,0.23494242341270136,15.254237288135593,15.25,0.02777777777777916,6.478149100257069,6.48,0.028571428571447916,ok,ok,ok,premium,ok
ARWR,mid,74.52,74.54,0.026838432635547815,88.16667,,,110.0,,,46.0,,,12.0,20.0,recommendation,8.0,10496663640.0,10496664893.850824,1.1945232002843135e-05,-34.95679673791673,,,-2.1128938258775287,-2.1457,1.5526655301217682,-55.44812794020907,-55.45,0.0033762362418300516,-48.377435053190545,-48.38,0.005301948742501403,ok,ok,ok,premium,ok
ERIE,mid,226.67,226.69,0.008823399655891928,,,,,,,,,,,8.0,recommendation,,10469676044.0,10556105022.028229,0.8255172143340557,18.9829435515023,18.5151,2.4645469246273635,12.269435420702585,10.624,13.410848700716842,25.032731609129055,25.03,0.01091214962756004,13.969494538765522,13.97,0.003618321572594676,ok,ok,ok,premium,ok
AES,mid,14.68,14.69,0.06811989100817294,15.11111,,,16.0,,,15.0,,,9.0,18.0,recommendation,9.0,10469155227.0,10469155308.185411,7.754724205814573e-07,7.844693572496263,7.7492,1.2173014995903282,1.8713286713286714,1.896,1.3183856502242053,28.86575697103716,34.38,19.1030605381166,10.71514374949948,10.82,0.978579970104626,ok,ok,ok,premium,ok
GSAT,mid,81.16,81.18,0.024642681123718865,90.0,,,90.0,,,90.0,,,3.0,10.0,recommendation,7.0,10452509640.0,10452509245.306868,3.776060926938429e-06,-912.6349662665382,,,-0.08887452595840115,-0.06819999999999998,23.262600543240183,-3.205336141829033,-2.45,23.564958818890737,-4.032605699990813,-3.09,23.374606150880574,ok,ok,ok,premium,ok
MOH,mid,200.28,200.3,0.009986019572603472,190.25,,,262.0,,,129.0,,,16.0,24.0,recommendation,8.0,10434588000.0,10434587529.362734,4.510357918866156e-06,52.410638297872346,55.1539,5.234169609872924,3.6862745098039214,3.3720999999999997,8.522819148936174,4.438411143244998,4.44,0.03579787234042353,0.4170826400443705,0.42,0.6994680851063748,ok,ok,ok,premium,ok
AAON,mid,127.19,127.21,0.01572450664360093,143.5,,,154.0,,,120.0,,,4.0,12.0,recommendation,8.0,10418349123.0,10418350682.224428,1.4966137242748645e-05,88.03737396085205,88.2356,0.2251612357680049,1.4447273274706958,1.4217,1.5938874438687376,13.403043928454917,13.4,0.02271072504995745,7.304827954714965,7.3,0.06609265467846094,ok,ok,ok,premium,ok
BEP,mid,34.32,34.33,0.029137529137523342,35.53846,,,42.0,,,20.0,,,13.0,17.0,recommendation,4.0,10408431119.0,15103566686.0,45.10896515834453,57.62230328100494,,,0.6327411075915627,-0.22450000000000003,135.48054604110152,2.8841853573859004,-1.43,149.58072463470552,3.012802430488612,-0.93,130.86827037142206,ok,ok,ok,premium,ok
BPOP,mid,160.95,160.97,0.012426219322777404,171.22221,,,180.0,,,163.0,,,9.0,15.0,recommendation,6.0,10387344264.0,10387344602.77029,3.2613753984148866e-06,11.23272138648288,11.5245,2.597577234206469,13.8879969183359,13.5714,2.2796442150552827,14.638023650565543,14.64,0.013501477259745995,20.43337301377692,25.16258,23.144524318302597,ok,ok,ok,premium,ok
NPK,small/low-cov,129.84,129.86,0.015403573629089827,,,,,,,,,,,,,,930439023.0,930439037.5333487,1.5619883001771457e-06,28.990604672897195,28.816,0.60228020376695,4.483866461796341,4.4886,0.1055682242990557,8.315302812372705,8.32,0.05648847352024337,6.190529454192011,6.19,0.008552647975076186,ok,ok,ok,premium,empty
TRST,small/low-cov,55.25,55.27,0.03619909502263009,,,,,,,,,,,6.0,recommendation,,965483308.0,965483222.4038986,8.865622087299348e-06,15.545860135873438,15.2645,1.809871782032664,3.5449952282041206,3.4171,3.607768698433813,9.210717759041865,9.21,0.007792650482198142,22.425396058766918,34.6737,54.61800500261293,ok,ok,ok,premium,ok
SAFT,small/low-cov,71.81,71.83,0.027851274195788915,,,,,,,,,,,6.0,recommendation,,1054417396.0,1054417401.9546404,5.64732752994979e-07,16.44488316993464,16.7156,1.646207074066024,4.347856975397666,4.2592,2.0390959477124304,7.161393504292536,7.16,0.019458563360617787,4.965618941761347,4.95,0.3145416904625965,ok,ok,ok,premium,ok
TR,small/low-cov,38.88,38.89,0.025720164609048378,,,,,,,,,,,,,,2922655789.0,2931031298.044399,0.286571859605284,29.269295067984544,29.4799,0.7195422080589209,1.3276711963762324,1.3275,0.012894485976633062,10.767160888589245,10.77,0.026368245446792102,13.547260097062303,13.55,0.020224775475390287,ok,ok,ok,premium,empty
CRVL,small/low-cov,60.34,60.36,0.03314550878355323,,,,,,,,,,,,,,3058707008.0,3058706148.410594,2.8103031894367334e-05,28.573243674327557,28.2917,0.9853402628575881,2.1572629521016617,2.1378999999999997,0.8975703255274543,29.918482276368536,29.92,0.005072863046480203,11.511830131023956,11.51,0.015897828608710897,ok,ok,ok,premium,empty
NHC,small/low-cov,197.72,197.74,0.010115314586288808,,,,,,,,,,,,,,3088307312.0,3088315241.9896913,0.00025677463057010295,24.625673642119565,24.9545,1.3352989350025817,7.957142730294639,7.877599999999999,0.9996393553656231,11.681561798562086,11.68,0.01336977528363225,8.113988325073928,8.1,0.17239764852386155,ok,ok,ok,premium,empty
JOE,small/low-cov,64.92,64.94,0.030807147258157766,,,,,,,,,,,8.0,recommendation,,3727040710.0,3727040545.2616997,4.4200832011702475e-06,33.3118796178378,33.6421,0.9912991579897816,1.9500550778051953,1.9389,0.5720391148003032,14.790542412687522,14.790000000000001,0.0036672940882518075,21.636473126913234,21.64,0.016300591441492103,ok,ok,ok,premium,ok
NEU,small/low-cov,833.33,833.35,0.002400009600036217,,,,,,,,,,,8.0,recommendation,,7664985173.0,7664985129.212157,5.712710691834409e-07,19.21671908174218,18.5742,3.3435420427862588,43.72130312287573,43.9442,0.5098129772066357,24.122724614672844,24.12,0.011294804862904037,15.251453261765297,15.25,0.009528677302774837,ok,ok,ok,premium,ok
COKE,small/low-cov,187.89,187.91,0.01064452605248296,,,,,,,,,,,6.0,recommendation,,14759022358.0,12506766118.233332,15.260199389466012,18.08166521182244,21.6183,19.5592316678067,10.236335969708229,6.4807,36.68926050123849,122.89800578878886,39.61,67.77002218565426,7.719100820761637,7.72,0.011648756237823518,ok,ok,ok,premium,ok
